CVE,package,severity,installed_version,fixed_version,SBOM_dependency_of,origin_category,direct_application_requirement,runtime_requirement
CVE-2025-69720,libncursesw6,HIGH,6.5+20250216-2,none reported,,Python base/runtime,no,pending ELF closure; package-name inference is not proof
CVE-2025-69720,libtinfo6,HIGH,6.5+20250216-2,none reported,bash;libncursesw6;libreadline8t64;ncurses-bin;util-linux,Python base/runtime,no,pending ELF closure; package-name inference is not proof
CVE-2025-69720,ncurses-base,HIGH,6.5+20250216-2,none reported,,shell/coreutils/apt/base infrastructure,no,pending ELF closure; package-name inference is not proof
CVE-2025-69720,ncurses-bin,HIGH,6.5+20250216-2,none reported,,shell/coreutils/apt/base infrastructure,no,pending ELF closure; package-name inference is not proof
CVE-2026-16742,libsystemd0,HIGH,257.13-1~deb13u1,none reported,apt;bsdutils;coreutils;libapt-pkg7.0;libpam-modules;libpam-modules-bin;util-linux,shell/coreutils/apt/base infrastructure,no,pending ELF closure; package-name inference is not proof
CVE-2026-16742,libudev1,HIGH,257.13-1~deb13u1,none reported,libapt-pkg7.0;util-linux,shell/coreutils/apt/base infrastructure,no,pending ELF closure; package-name inference is not proof
CVE-2026-54369,libacl1,HIGH,2.3.2-2+b1,none reported,coreutils;passwd;sed;tar,shell/coreutils/apt/base infrastructure,no,pending ELF closure; package-name inference is not proof
CVE-2026-76642,bsdutils,HIGH,1:2.41.5-0+deb13u1,none reported,,shell/coreutils/apt/base infrastructure,no,pending ELF closure; package-name inference is not proof
CVE-2026-76642,libblkid1,HIGH,2.41.5-0+deb13u1,none reported,libmount1;mount;util-linux,shell/coreutils/apt/base infrastructure,no,pending ELF closure; package-name inference is not proof
CVE-2026-76642,liblastlog2-2,HIGH,2.41.5-0+deb13u1,none reported,util-linux,shell/coreutils/apt/base infrastructure,no,pending ELF closure; package-name inference is not proof
CVE-2026-76642,libmount1,HIGH,2.41.5-0+deb13u1,none reported,mount;util-linux,shell/coreutils/apt/base infrastructure,no,pending ELF closure; package-name inference is not proof
CVE-2026-76642,libsmartcols1,HIGH,2.41.5-0+deb13u1,none reported,mount;util-linux,shell/coreutils/apt/base infrastructure,no,pending ELF closure; package-name inference is not proof
CVE-2026-76642,libuuid1,HIGH,2.41.5-0+deb13u1,none reported,util-linux,Python base/runtime,no,pending ELF closure; package-name inference is not proof
CVE-2026-76642,login,HIGH,1:4.16.0-2+really2.41.5-0+deb13u1,none reported,,shell/coreutils/apt/base infrastructure,no,pending ELF closure; package-name inference is not proof
CVE-2026-76642,mount,HIGH,2.41.5-0+deb13u1,none reported,,shell/coreutils/apt/base infrastructure,no,pending ELF closure; package-name inference is not proof
CVE-2026-76642,util-linux,HIGH,2.41.5-0+deb13u1,none reported,,shell/coreutils/apt/base infrastructure,no,pending ELF closure; package-name inference is not proof
CVE-2026-78408,bsdutils,HIGH,1:2.41.5-0+deb13u1,none reported,,shell/coreutils/apt/base infrastructure,no,pending ELF closure; package-name inference is not proof
CVE-2026-78408,libblkid1,HIGH,2.41.5-0+deb13u1,none reported,libmount1;mount;util-linux,shell/coreutils/apt/base infrastructure,no,pending ELF closure; package-name inference is not proof
CVE-2026-78408,liblastlog2-2,HIGH,2.41.5-0+deb13u1,none reported,util-linux,shell/coreutils/apt/base infrastructure,no,pending ELF closure; package-name inference is not proof
CVE-2026-78408,libmount1,HIGH,2.41.5-0+deb13u1,none reported,mount;util-linux,shell/coreutils/apt/base infrastructure,no,pending ELF closure; package-name inference is not proof
CVE-2026-78408,libsmartcols1,HIGH,2.41.5-0+deb13u1,none reported,mount;util-linux,shell/coreutils/apt/base infrastructure,no,pending ELF closure; package-name inference is not proof
CVE-2026-78408,libuuid1,HIGH,2.41.5-0+deb13u1,none reported,util-linux,Python base/runtime,no,pending ELF closure; package-name inference is not proof
CVE-2026-78408,login,HIGH,1:4.16.0-2+really2.41.5-0+deb13u1,none reported,,shell/coreutils/apt/base infrastructure,no,pending ELF closure; package-name inference is not proof
CVE-2026-78408,mount,HIGH,2.41.5-0+deb13u1,none reported,,shell/coreutils/apt/base infrastructure,no,pending ELF closure; package-name inference is not proof
CVE-2026-78408,util-linux,HIGH,2.41.5-0+deb13u1,none reported,,shell/coreutils/apt/base infrastructure,no,pending ELF closure; package-name inference is not proof
CVE-2026-78409,bsdutils,HIGH,1:2.41.5-0+deb13u1,none reported,,shell/coreutils/apt/base infrastructure,no,pending ELF closure; package-name inference is not proof
CVE-2026-78409,libblkid1,HIGH,2.41.5-0+deb13u1,none reported,libmount1;mount;util-linux,shell/coreutils/apt/base infrastructure,no,pending ELF closure; package-name inference is not proof
CVE-2026-78409,liblastlog2-2,HIGH,2.41.5-0+deb13u1,none reported,util-linux,shell/coreutils/apt/base infrastructure,no,pending ELF closure; package-name inference is not proof
CVE-2026-78409,libmount1,HIGH,2.41.5-0+deb13u1,none reported,mount;util-linux,shell/coreutils/apt/base infrastructure,no,pending ELF closure; package-name inference is not proof
CVE-2026-78409,libsmartcols1,HIGH,2.41.5-0+deb13u1,none reported,mount;util-linux,shell/coreutils/apt/base infrastructure,no,pending ELF closure; package-name inference is not proof
CVE-2026-78409,libuuid1,HIGH,2.41.5-0+deb13u1,none reported,util-linux,Python base/runtime,no,pending ELF closure; package-name inference is not proof
CVE-2026-78409,login,HIGH,1:4.16.0-2+really2.41.5-0+deb13u1,none reported,,shell/coreutils/apt/base infrastructure,no,pending ELF closure; package-name inference is not proof
CVE-2026-78409,mount,HIGH,2.41.5-0+deb13u1,none reported,,shell/coreutils/apt/base infrastructure,no,pending ELF closure; package-name inference is not proof
CVE-2026-78409,util-linux,HIGH,2.41.5-0+deb13u1,none reported,,shell/coreutils/apt/base infrastructure,no,pending ELF closure; package-name inference is not proof
CVE-2026-78410,bsdutils,HIGH,1:2.41.5-0+deb13u1,none reported,,shell/coreutils/apt/base infrastructure,no,pending ELF closure; package-name inference is not proof
CVE-2026-78410,libblkid1,HIGH,2.41.5-0+deb13u1,none reported,libmount1;mount;util-linux,shell/coreutils/apt/base infrastructure,no,pending ELF closure; package-name inference is not proof
CVE-2026-78410,liblastlog2-2,HIGH,2.41.5-0+deb13u1,none reported,util-linux,shell/coreutils/apt/base infrastructure,no,pending ELF closure; package-name inference is not proof
CVE-2026-78410,libmount1,HIGH,2.41.5-0+deb13u1,none reported,mount;util-linux,shell/coreutils/apt/base infrastructure,no,pending ELF closure; package-name inference is not proof
CVE-2026-78410,libsmartcols1,HIGH,2.41.5-0+deb13u1,none reported,mount;util-linux,shell/coreutils/apt/base infrastructure,no,pending ELF closure; package-name inference is not proof
CVE-2026-78410,libuuid1,HIGH,2.41.5-0+deb13u1,none reported,util-linux,Python base/runtime,no,pending ELF closure; package-name inference is not proof
CVE-2026-78410,login,HIGH,1:4.16.0-2+really2.41.5-0+deb13u1,none reported,,shell/coreutils/apt/base infrastructure,no,pending ELF closure; package-name inference is not proof
CVE-2026-78410,mount,HIGH,2.41.5-0+deb13u1,none reported,,shell/coreutils/apt/base infrastructure,no,pending ELF closure; package-name inference is not proof
CVE-2026-78410,util-linux,HIGH,2.41.5-0+deb13u1,none reported,,shell/coreutils/apt/base infrastructure,no,pending ELF closure; package-name inference is not proof
CVE-2026-9538,perl-base,HIGH,5.40.1-6+deb13u1,none reported,,shell/coreutils/apt/base infrastructure,no,pending ELF closure; package-name inference is not proof
